archetype,n_players,alpha,r2,nonzero_coefs,accel_rating,agility_rating,awareness_rating,bcv_rating,block_shed_rating,break_sack_rating,break_tackle_rating,carry_rating,catch_rating,change_of_direction_rating,cit_rating,finesse_moves_rating,hit_power_rating,impact_block_rating,injury_rating,juke_move_rating,jump_rating,kick_acc_rating,kick_power_rating,kick_ret_rating,lead_block_rating,man_cover_rating,pass_block_finesse_rating,pass_block_power_rating,pass_block_rating,play_action_rating,play_rec_rating,power_moves_rating,press_rating,pursuit_rating,release_rating,route_run_deep_rating,route_run_med_rating,route_run_short_rating,run_block_finesse_rating,run_block_power_rating,run_block_rating,spec_catch_rating,speed_rating,spin_move_rating,stamina_rating,stiff_arm_rating,strength_rating,tackle_rating,throw_acc_deep_rating,throw_acc_mid_rating,throw_acc_short_rating,throw_on_run_rating,throw_power_rating,throw_under_pressure_rating,tough_rating,truck_rating,zone_cover_rating
Accurate - KP,9,0.269592,0.9429,3,-0.0,0.0,0.803836,0.0,-0.0,-0.0,0.0,-0.0,0.0,0.0,-0.0,-0.0,0.0,0.0,-0.0,0.0,0.0,1.006031,0.056093,0.0,0.0,0.0,0.0,0.0,0.0,-0.0,-0.0,-0.0,-0.0,0.0,0.0,0.0,0.0,0.0,-0.0,-0.0,0.0,-0.0,0.0,0.0,-0.0,-0.0,0.0,0.0,0.0,0.0,0.0,-0.0,0.0,0.0,-0.0,-0.0,0.0
Accurate - LS,24,0.155094,0.968323,19,0.516114,0.0,3.260846,0.0,0.0,-0.0,-0.0,0.0,0.0,0.503379,-0.321286,-0.0,0.0,0.0,1.857943,0.0,-0.0,0.0,-0.0,-0.0,0.120782,0.854515,-0.0,0.0,0.676026,0.0,-0.430151,-0.0,0.0,-0.0,-0.691873,-0.0,0.0,0.0,-0.0,0.0,0.49581,0.0,0.323426,1.021763,0.775433,0.0,-0.0,1.41581,-0.304629,-0.070776,-0.0,0.0,-0.313347,-0.24002,0.0,0.0,0.0
Agile - C,46,0.0238,0.999335,21,0.205469,0.12302,2.461381,0.0,-0.011957,-0.010509,-0.0,-0.064143,-0.0,0.0,0.0,0.134454,0.0,0.342098,0.0,-0.027937,-0.0,-0.0,-0.004113,-0.0,0.631878,-0.0,2.046097,0.0,0.468104,0.088869,-0.0,0.0,-0.0,-0.0,0.0,-0.0,-0.0,-0.0,2.212083,0.490609,0.661414,0.0,0.228724,-0.0,0.0,-0.0,0.420284,0.0,-0.0,-0.0,-0.0,-0.0,-0.0,-0.0,-0.279749,-0.0,-0.046786
Agile - G,49,0.03387,0.998468,18,0.161353,0.30054,1.337919,-0.0,-0.006847,-0.0,-0.0,0.0,0.0,0.0,0.0,0.0,0.0,0.26445,0.0,-0.0,0.0,0.001537,-0.0,0.0,0.57753,0.0,1.457226,0.00609,0.352522,-0.0,0.0,-0.0,0.0,-0.0,-0.0,-0.0,0.0,0.0,1.320377,0.0,0.814834,0.0,0.102557,-0.0,0.014115,-0.049451,0.675559,0.0,-0.0,-0.0,-0.0,-0.0,-0.0,-0.012801,0.0,0.0,0.017104
Blocking - FB,6,0.880435,0.971546,5,0.0,0.0,0.0,-0.0,0.0,-0.0,0.0,-0.0,0.0,0.0,-0.0,0.0,0.0,0.0,-0.0,0.0,0.0,-0.0,-0.0,-0.0,0.72513,0.335389,-0.0,0.0,0.583038,-0.0,0.0,0.0,0.0,0.0,-0.0,0.0,0.0,0.0,0.0,1.020568,0.0,-0.0,0.0,-0.0,0.0,0.0,0.0,0.0,-0.0,0.0,-0.0,0.0,0.0,-0.0,3.485687,-0.0,0.0
Blocking - TE,3,0.015768,0.999988,7,0.0,0.0,1.957098,0.0,0.0,0.0,1.850188,-0.0,0.0,0.000121,0.0,0.0,0.0,0.0,0.0,0.0,0.0,0.0,0.0,0.0,0.0,0.626029,-0.0,0.0,0.0,-0.0,-0.0,0.0,0.021204,0.0,-0.0,0.0,-0.0,-0.0,0.000113,0.0,0.0,0.0,0.060333,0.0,0.0,0.0,0.0,0.0,-0.0,-0.0,-0.0,-0.0,0.0,0.0,-0.0,0.0,0.0
Deep Threat - WR,197,0.016334,0.986973,35,0.365393,0.619373,1.444535,0.226819,-0.0,0.0,0.029819,-0.069451,0.898084,0.000631,0.677504,-0.077016,-0.13344,0.01313,-0.01736,0.727219,0.179845,-0.072254,-0.017045,0.144557,0.102456,0.08596,0.085413,0.034639,0.0,0.119265,0.0,-0.0,-0.176011,-0.021862,0.780726,0.348966,1.517338,0.349563,0.0,0.0,-0.102413,0.634736,0.732404,0.0,0.0,-0.0,0.0,-0.0,0.0,0.0,0.0,0.012329,-0.0,-0.074555,0.0,-0.0,0.244165
Elusive Back - HB,111,0.006651,0.999311,32,0.643797,1.074459,2.56785,1.031498,-0.0,-0.0,0.536868,1.089825,0.073292,0.754512,-0.0,-0.0,0.078538,-0.0639,0.023225,0.954468,0.0,-0.025576,0.0,-0.01498,0.071418,0.008755,-0.041665,0.001052,-0.024708,-0.0,0.0,-0.018355,-0.0,0.0,-0.004427,-0.0,-0.0,-0.017936,0.075695,0.0,-0.087962,-0.020954,0.891615,0.924711,-0.0,-0.0,0.01533,0.0,-0.034293,0.0,0.0,0.0,0.014759,-0.020664,-0.057011,-0.0,0.0
Field General - MLB,83,0.008833,0.999449,36,0.541598,0.265136,1.66218,-0.032695,0.854582,0.0,-0.109952,-0.052078,0.075847,0.259861,0.0,0.017252,0.029735,0.156335,-0.04516,-0.0,0.070416,0.042754,0.0,0.0,0.074306,0.406315,-0.0,-0.007282,0.001548,-0.070484,2.461693,0.0,0.046906,1.324299,-0.034161,-0.046938,-0.0,-0.002021,-0.0,0.0,-0.039214,0.00841,0.185926,0.072828,-0.076267,-0.0,0.776883,1.826455,-0.0,-0.0,-0.0,-0.010079,0.0,-0.0,0.024515,0.0,0.786339
Field General - QB,66,0.100524,0.992531,17,-0.0,0.00668,2.518175,0.221129,-0.0,0.588129,0.0,0.012948,0.079031,0.0,0.0,-0.0,-0.0,-0.28126,-0.0,0.0,-0.0,0.0,-0.0,-0.2951,-0.0,0.0,-0.0,0.014639,-0.0,0.0,-0.0,0.0,0.0,0.0,0.0,-0.0,0.0,0.0,0.080646,0.0,-0.0,-0.0,0.0,0.0,0.0,0.0,-0.0,0.186133,0.897968,2.659336,1.662363,0.988231,1.775346,0.593461,0.0,-0.0,0.0
Hybrid - S,70,0.016926,0.998495,24,0.602323,0.503059,2.184187,0.005909,-0.0,0.011651,-0.0,0.0,0.037902,0.209542,0.0,0.0,-0.0,-0.0,-0.0,0.0,0.279638,-0.006953,-0.01108,-0.0,0.006198,1.248436,-0.0,-0.0,-0.0,-0.0,0.669924,-0.036796,0.319116,0.294397,0.048602,0.0,0.0,0.0,0.0,0.0,-0.0,-0.0,0.485106,0.0,-0.0,-0.0,0.136014,1.107957,-0.019983,-0.0,-0.0,0.0,-0.0,-0.0,0.004909,-0.027064,0.509248
Improviser - QB,10,0.021521,0.999989,9,-0.0,-0.0,0.0,0.0,0.0,0.0,0.0,0.0,0.0,-0.0,-0.0,-0.0,0.0,0.0,0.0,-0.0,0.648389,-0.057898,-0.0,-0.0,-0.0,0.0,-0.0,-0.0,-0.0,0.0,-0.0,-0.0,-0.0,0.0,-0.0,-0.0,-0.0,-0.0,-0.0,-0.0,-0.0,-0.0,0.0,0.0,0.000782,0.0,0.030166,0.0,0.0,0.0,1.030518,4.469197,1.089059,2.544344,0.677265,0.0,0.0
Manto Man - CB,128,0.011128,0.998545,31,0.706281,0.284656,1.936641,0.012991,-0.005315,-0.011518,-0.0,-0.0,0.137137,0.433199,0.037695,0.038492,0.015291,-0.029976,-0.029123,0.006514,0.16772,-0.0,-0.0,0.0,-0.047489,2.596768,-0.150112,-0.0,0.0,0.0,1.138864,-0.013853,0.883006,0.051568,0.0,-0.0,-0.028471,-0.0,0.085271,0.0,-0.0,0.0,0.815105,-0.0,0.050792,-0.046383,-0.0,0.51423,0.0,0.077075,0.0,0.0,-0.0,-0.0,0.043423,-0.0,0.281113
Pass Coverage - MLB,13,0.106437,0.998557,9,0.042689,0.094499,0.0,0.0,0.0,0.0,0.0,0.0,0.0,0.59526,0.0,0.0,0.36018,-0.0,-0.0,0.0,-0.0,-0.0,-0.343076,0.0,0.0,0.0,-0.0,-0.0,0.0,0.0,0.807379,0.0,0.0,2.587445,0.0,0.0,0.0,0.0,-0.0,-0.0,0.0,0.0,0.0,0.0,-0.0,0.0,0.0,0.0,0.0,0.0,0.0,0.0,0.0,0.0,0.340034,0.0,2.06202
Pass Coverage - OLB,32,0.01222,0.999749,22,0.486958,0.369955,3.617899,0.0,0.300278,-0.0,0.0045,0.0,0.0,0.174514,-0.0,0.025878,-0.0,-0.0,-0.0,-0.0,0.0,-0.0,-0.132762,0.10504,0.0,0.409302,-0.0,-0.0,-0.0,-0.0,0.2193,-0.0,0.022829,0.919664,0.0,0.0,0.0,0.0,-0.0,-0.0,0.0,-0.0,0.441004,-0.0,0.179396,0.011262,0.059113,1.193244,-0.0,-0.0,-0.0,-0.0,-0.093252,0.0,-0.01655,-0.031269,1.575522
Pass Protector - G,7,0.024756,0.999981,6,0.0,0.0,0.088166,0.0,0.0,-0.0,-0.0,0.0,-0.0,0.0,0.0,-0.0,0.0,0.0,0.0,0.0,-0.0,-0.0,-0.0,0.0,-0.0,0.0,2.099919,0.0,5.250118,-0.0,-0.0,-0.0,0.0,0.0,0.0,0.0,-0.0,0.0,0.0,0.0,0.0,0.0,0.0,-0.0,1.293205,0.0,0.0,-0.0,-0.0,-0.0,-0.0,-0.0,0.0,0.417976,0.0,0.173535,0.0
Pass Protector - OT,30,0.077143,0.997597,14,0.0,0.391218,0.963152,-0.0,-0.0,0.0,0.0,-0.0,-0.0,0.0,-0.0,-0.0,-0.12502,0.327117,-0.0,-0.0,0.0,-0.0,0.0,-0.0,0.000109,0.0,2.038432,1.861466,2.142195,-0.0,-0.0,-0.0,-0.059276,-0.0,0.0,0.0,0.0,0.0,0.323951,0.279627,0.070741,0.0,0.180656,-0.0,0.17272,0.0,0.0,-0.0,0.0,0.0,0.0,-0.0,0.0,-0.0,0.0,0.0,-0.0
Possession - TE,66,0.012556,0.999148,33,0.253606,0.375157,2.068235,0.120116,0.0,-0.0,0.262653,-0.0,1.096262,0.038929,1.138237,0.04163,0.0,0.207132,-0.0,0.0,0.068326,-0.013739,-0.0,0.0,0.280953,-0.010294,0.051883,0.111255,0.139124,-0.049177,-0.0,0.0,0.0,-0.0,0.154508,0.294513,0.631912,1.18517,0.316909,0.24015,0.465029,0.009343,0.113507,0.009039,0.027937,0.317104,0.153336,-0.0,0.0,0.0,0.030879,0.0,0.035748,-0.0,-0.0,0.0,-0.0
Power - C,39,0.027507,0.998183,28,0.149162,0.118059,2.323223,-0.0,0.0,0.041128,-0.0,-0.183552,-0.025505,0.142254,0.0,-0.047232,0.169139,0.700237,-0.225161,0.0,0.0,-0.147523,0.045986,-0.0,-0.0,0.118797,1.483179,2.260194,0.0,0.0,0.0,-0.0,-0.196576,0.0,0.0,-0.0,0.0,-0.009971,0.0,0.726163,1.175552,0.032614,0.033637,0.115651,0.346548,-0.0,0.657214,-0.0,0.0,0.0,0.0,0.0,0.159444,0.0,0.174512,-0.072914,0.0
Power - G,113,0.02157,0.998818,20,0.159184,0.224587,1.754591,0.00191,0.0,0.0,0.0,0.0,-0.0,0.0,0.0,-0.0,-0.0,0.496432,-0.0,0.0,-0.0,-0.0,0.0,0.0,0.764861,0.006921,0.098125,1.953013,0.109178,0.0,0.004457,-0.0,0.002694,0.0,0.0,0.0,-0.0,-0.0,0.0,1.875977,1.070083,0.048885,0.10128,0.0,0.0,0.0,0.844385,-0.0,-0.0,0.0,0.0,0.0,0.000743,-0.005181,0.015876,-0.0,0.0
Power - KP,61,0.012249,0.993485,30,0.0,0.113323,2.19992,0.0,0.022488,0.094346,-0.0,-0.079722,0.120725,0.017233,-0.454135,-0.0,-0.0,0.035372,0.032638,-0.0,0.041395,0.880417,0.832882,0.013992,0.105168,-0.01193,0.028998,0.0,0.0,-0.060242,0.132631,0.114579,0.0,0.0,-0.0,0.009014,0.412985,0.0,0.0,0.0,-0.013625,-0.0,0.0,-0.0,-0.020703,-0.0,0.160535,0.026079,0.0,0.0,-0.067002,-0.0,0.156552,0.052549,0.003594,0.0,0.0
Power - LS,9,0.006934,0.999995,10,0.0,0.0,0.0,0.0,-0.0,0.0,-0.0,-0.000237,-0.075398,-0.0,-0.0,0.0,0.0,0.739769,-0.0,-0.0,-0.0,-0.0,-2.311737,0.0,1.2992,-0.0,-0.0,-0.0,3.155074,-0.0,-0.0,0.0,-0.0,0.0,-0.0,-0.0,-0.0,-0.395201,0.0,0.0,0.0,-0.758295,-0.0,0.0,-0.0,0.0,1.278186,0.0,-0.0,-0.0,-0.0,-0.0,1.824345,0.0,-0.0,-0.0,-0.0
Power - OT,145,0.023697,0.994737,28,0.160784,0.211276,1.632204,-0.0,0.163841,0.037439,0.150763,0.0,-0.0,-0.00958,-0.0,-0.076155,0.0,0.312955,0.0,-0.190465,-0.038833,0.0,0.060321,-0.0,0.231108,0.0,1.231411,0.698142,0.260832,0.0,-0.033453,-0.030222,-0.0,-0.0,0.0,0.0,0.057556,-0.0,0.605494,1.863844,1.185211,-0.0,0.363644,-0.0,-0.097043,0.039666,0.815991,-0.0,-0.0,-0.0,-0.0,-0.0,0.0,-0.0,0.047091,-0.0,-0.044412
Power Back - HB,37,0.015444,0.999693,23,0.489613,0.311729,2.233382,1.012398,0.0,0.040044,1.455042,1.068923,-0.0,0.043326,-0.0,0.0,0.080327,-0.0,0.095838,0.132327,0.0,-0.053598,-0.0,-0.006981,0.0,0.0,-0.050269,-0.0,0.0,-0.083892,0.0,0.0,0.0,-0.0,0.0,-0.0,-0.0,-0.0,-0.0,-0.0,-0.0,0.025786,0.437452,0.0,0.015467,1.425405,0.752758,-0.0,-0.0,-0.0,0.0,-0.0,0.0,-0.0,0.011431,1.451531,0.003436
Power Rusher - DE,105,0.019542,0.995105,29,0.429785,0.436797,1.896785,0.062045,0.485901,0.0,0.020648,-0.0,-0.147384,0.0,0.04723,0.406358,0.0,0.112846,-0.0,-0.0,-0.019584,0.0,0.059887,-0.0,-0.138814,0.0,-0.0,-0.0,-0.106839,0.052542,0.553312,1.352676,0.068894,0.679183,-0.0,0.0,-0.0,0.0,0.0,0.0,-0.0,-0.0,0.712455,0.0,-0.080901,-0.014915,1.334034,1.188794,-0.006007,-0.0,0.0,-0.0,-0.036643,0.0,-0.004393,0.073668,0.036031
Power Rusher - DT,166,0.010691,0.997401,33,0.706597,0.392225,0.921089,-0.060318,1.692555,-0.0,-0.036097,-0.110583,-0.02525,0.049713,0.043595,0.053295,0.190244,0.039125,-0.001274,0.0,-0.0,-0.0,0.05676,-0.00909,-0.0,0.0,0.0,-0.012691,-0.00542,-0.0,1.874412,0.235721,0.0,0.688558,-0.0,0.0,-0.0,-0.0,-0.0,0.0,-0.021146,0.0,0.236791,0.073394,0.022856,0.003442,1.597111,1.276574,-0.023936,0.0,0.101797,0.0,-0.012608,-0.0,-0.01786,0.036664,-0.0
Receiving Back - HB,2,9.0,0.0,0,0.0,0.0,0.0,0.0,0.0,0.0,0.0,0.0,0.0,0.0,0.0,0.0,0.0,0.0,0.0,0.0,0.0,0.0,0.0,0.0,0.0,0.0,0.0,0.0,0.0,0.0,0.0,0.0,0.0,0.0,0.0,0.0,0.0,0.0,0.0,0.0,0.0,0.0,0.0,0.0,0.0,0.0,0.0,0.0,0.0,0.0,0.0,0.0,0.0,0.0,0.0,0.0,0.0
Run Stopper - OLB,86,0.007234,0.998561,33,0.545372,0.163841,0.692328,-0.094587,1.31511,-0.074835,0.020415,-0.024568,0.053598,0.192122,0.0,-0.0,0.188969,0.0405,0.015208,0.0,-0.0,-0.022057,0.022901,0.000602,-0.019214,0.088561,0.057067,0.0,-0.038534,0.0,1.147672,-0.0,0.0,0.953443,0.027251,-0.00844,-0.0,0.0,-0.036285,-0.077154,-0.0,-0.030337,0.356574,0.037068,-0.0,0.0,0.617038,1.163916,-0.0,0.0,0.0,0.0,0.064891,-0.0,-0.0,0.0,0.473217
Run Support - S,52,0.010397,0.99974,29,0.386224,0.326005,1.722038,0.0,0.220087,-0.0,0.0,0.04749,0.056258,0.221636,-0.081487,0.0,0.417031,-0.0,-0.0,-0.0,0.300278,0.0,0.053286,0.020274,-0.009339,0.803692,0.0,0.067214,0.0,0.0,2.963857,0.096792,0.08989,0.846762,-0.0,0.0,0.0,0.10036,-0.0,-0.0,-0.000351,0.0,0.261721,0.0,0.021322,-0.054851,0.015023,1.403485,-0.087841,-0.0,-0.0,-0.0,0.0,0.0,0.028389,-0.0,0.97451
Slot - WR,81,0.02123,0.995362,37,0.405725,1.029946,1.723877,0.0,0.0,0.204152,0.513886,-0.034796,1.111591,0.06485,0.800261,-0.0,-0.048236,-0.153985,0.014636,0.562969,0.096234,-0.062627,-0.032551,-0.053452,0.21243,-0.0,-0.093963,-0.0,0.0,0.0,-0.047622,-0.13779,0.094484,0.007714,0.441653,0.08007,0.825517,1.543223,0.0,0.180616,-0.101447,0.471289,0.372709,0.0,-0.0,-0.061833,-0.104206,0.053266,-0.0,0.0,0.0,-0.0,0.0,-0.024134,-0.0,0.057248,-0.019521
Smaller Speed Rusher - DE,110,0.04702,0.995544,18,0.503461,0.656412,2.058926,0.0,0.085732,-0.0,-0.0,0.0,0.0,0.0,-0.003216,2.377745,0.212382,0.0,-0.0,0.0,0.069131,0.0,0.022053,0.0,0.0,-0.0,0.0,0.0,0.0,-0.0,1.099343,0.299162,-0.0,0.556266,-0.0,-0.0,-0.0,-0.0,-0.0,-0.0,-0.0,-0.032703,0.474688,0.019264,-0.0,-0.0,0.438846,1.165719,-0.0,-0.0,0.0,-0.0,0.0,-0.03573,-0.0,-0.0,0.0
Speed Rusher - DT,79,0.020374,0.996299,26,0.756009,0.21466,0.536817,-0.0,1.152745,0.0,-0.101116,-0.0,0.0,0.104941,0.0,0.441805,0.17827,0.073133,-0.009956,-0.003008,0.0,-0.0,0.0,-0.051859,0.0396,0.003988,-0.0,-0.0,-0.065807,0.0,2.010751,0.019084,-0.003171,0.550567,0.0,0.0,0.0,0.012232,0.0,0.0,0.0,0.0,0.295875,-0.089521,0.0,-0.0,1.129665,1.014002,0.0,0.0,0.0,-0.0,-0.027093,0.048694,-0.0,0.0,0.0
Strong Arm - QB,33,0.017978,0.997821,23,0.0,0.0,1.670345,0.821473,0.0,1.046354,-0.0,0.065267,0.0,0.281133,0.0,0.0,0.0,0.0,-0.053179,0.003889,0.0,0.0,0.0,-0.0,0.035485,-0.0,0.027856,0.0,0.0,0.0,-0.029411,0.0,-0.095448,-0.0,0.0,0.038154,0.0,-0.0,-0.0,-0.06538,0.0,0.0,0.319772,-0.154026,-0.0,0.0,0.0,0.0,0.259916,0.953727,0.460275,0.566183,1.580466,0.33932,-0.01557,0.052101,0.0
Utility - FB,7,0.007045,0.999999,8,-0.0,-0.0,0.0,3.990627,-0.0,0.0,0.0,0.0,0.0,0.0,0.0,0.0,-0.0,0.0,0.0,0.0,0.0,0.0,0.0,-0.0,1.100873,-0.0,-0.021434,-0.0,0.0,0.0,-0.0,-0.0,-0.0,-0.0,0.0,0.0,0.0,0.0,0.0,0.0,0.328177,0.0,-0.0,0.34446,0.814467,0.237396,0.0,-0.0,0.0,0.0,0.0,0.0,0.0,0.0,0.0,0.193406,-0.0
Vertical Threat - TE,85,0.009439,0.999383,36,0.387052,0.348858,2.377136,0.208823,-0.0,0.0,0.253852,-0.0,1.276286,0.104659,0.790855,0.040181,-0.0,0.062398,-0.006774,0.037958,0.215716,-0.000579,-0.0,-5.4e-05,-0.022682,-0.057444,0.054821,0.206953,0.039464,0.0,0.008955,0.0,0.081546,-0.0,0.435848,0.492255,1.618943,0.471284,0.256725,0.133208,0.332783,0.288722,0.432096,0.059072,0.113808,0.141509,-0.0,-0.085504,0.0,0.0,0.0,0.0,0.0,-0.0,0.0,0.141837,0.0
Zone - CB,120,0.015038,0.998409,24,0.754385,0.261652,1.917151,-0.0,-0.0,0.016521,-0.057524,0.0,0.206212,0.356521,-0.0,0.048181,0.002014,-0.0,0.055737,0.036674,0.138374,-0.0,0.0,-0.0,0.033311,0.704989,0.002305,0.0,0.0,0.0,1.175376,0.00943,0.570285,-0.0,-0.0,0.0,0.016068,0.0,0.0,0.0,-0.042424,-0.0,0.665783,-0.0,-0.0,-0.0,-0.027175,0.723738,0.0,0.0,-0.0,0.0,-0.0,0.0,0.0,0.0,2.198439
Zone - S,85,0.023911,0.999042,19,0.334505,0.373244,3.519672,-0.0,-0.0,-0.0,-0.0,0.0,0.0,0.195226,0.0,0.0,0.0,-0.0,-0.0,-0.0,0.235116,0.013963,0.0,-0.0,0.00674,0.208756,-0.0,-0.0,-0.0,0.0,0.43078,0.0,0.0,0.554571,0.018521,0.0,0.0,0.0,-0.0,-0.0,-0.0,0.027289,0.550818,0.0,0.01676,-0.0,0.16482,0.899487,0.000807,0.0,0.0,0.0,0.0,0.005268,-0.0,0.0,2.28668
