position,archetype,equation,r2,n
QB,Field General - QB,OVR = -89.5 +0.51×TH Power +0.43×TH Acc Mid +0.33×TH Acc Short +0.20×Awareness +0.18×TH On Run +0.14×TH Acc Deep +0.10×TH Under Press +0.05×Break Sack +0.03×Tackle +0.02×BCV +0.01×RBF,0.9925,66
QB,Improviser - QB,OVR = -86.4 +0.64×TH On Run +0.40×TH Under Press +0.29×TH Power +0.25×TH Acc Short +0.22×Toughness +0.11×Jumping,1.0,10
QB,Strong Arm - QB,OVR = -78.1 +0.45×TH Power +0.33×TH Acc Mid +0.16×TH Acc Short +0.16×TH On Run +0.16×Break Sack +0.13×Awareness +0.11×TH Under Press +0.11×BCV +0.08×TH Acc Deep +0.07×Speed +0.06×COD +0.01×Carrying,0.9978,33
WR,Deep Threat - WR,OVR = -77.1 +0.28×Speed +0.24×Med Route +0.19×Catching +0.16×Accel +0.15×Juke Move +0.14×CIT +0.14×Agility +0.13×Spec Catch +0.12×Awareness +0.10×Release +0.06×Short Route +0.05×Deep Route +0.05×BCV +0.04×Jumping +0.03×Zone Coverage +0.02×Lead Block +0.01×PBF +0.01×Play Action,0.987,197
WR,Slot - WR,OVR = -78.5 +0.24×Agility +0.22×Short Route +0.22×Catching +0.17×Accel +0.17×CIT +0.16×Awareness +0.16×Speed +0.13×Break Tackle +0.11×Med Route +0.11×Juke Move +0.09×Spec Catch +0.06×Release +0.04×Lead Block +0.02×RBP +0.02×Jumping +0.02×Break Sack +0.01×COD +0.01×Press +0.01×Deep Route,0.9954,81
TE,Blocking - TE,OVR = -56.1 +1.57×Awareness +0.28×Break Tackle +0.19×Man Coverage +0.01×Speed,1.0,3
TE,Possession - TE,OVR = -74.0 +0.31×CIT +0.22×Short Route +0.21×Catching +0.19×Awareness +0.13×Run Block +0.11×Med Route +0.10×RBF +0.08×Agility +0.07×Accel +0.07×Pass Block +0.06×RBP +0.06×Stiff Arm +0.06×Lead Block +0.05×Impact Block +0.05×Deep Route +0.05×Strength +0.05×PBP +0.04×Break Tackle +0.04×Speed +0.03×Release +0.02×BCV +0.02×PBF +0.02×Jumping,0.9991,66
TE,Vertical Threat - TE,OVR = -80.9 +0.25×Med Route +0.24×Catching +0.20×Awareness +0.18×CIT +0.17×Speed +0.15×Accel +0.09×Agility +0.09×Run Block +0.07×Short Route +0.07×Release +0.07×Deep Route +0.07×RBF +0.06×Spec Catch +0.06×PBP +0.05×Jumping +0.04×Break Tackle +0.03×RBP +0.03×BCV +0.03×COD +0.03×Stamina +0.03×Trucking +0.02×Stiff Arm +0.02×PBF +0.01×Impact Block +0.01×Pass Block +0.01×Spin Move +0.01×Press,0.9994,85
FB,Blocking - FB,OVR = -26.8 +0.61×RBP +0.55×Toughness +0.12×Pass Block +0.11×Lead Block +0.02×Man Coverage,0.9715,6
FB,Utility - FB,OVR = -26.6 +0.84×BCV +0.21×Stamina +0.11×Lead Block +0.07×Spin Move +0.07×Run Block +0.03×Stiff Arm +0.03×Trucking,1.0,7
HB,Elusive Back - HB,OVR = -132.0 +0.35×Speed +0.29×Agility +0.29×Accel +0.29×Awareness +0.27×Carrying +0.25×BCV +0.21×Juke Move +0.20×COD +0.19×Spin Move +0.13×Break Tackle +0.02×Catching +0.01×Lead Block +0.01×RBF,0.9993,111
HB,Power Back - HB,OVR = -125.1 +0.32×Carrying +0.30×Trucking +0.28×Break Tackle +0.25×Stiff Arm +0.25×Awareness +0.22×Accel +0.20×BCV +0.19×Strength +0.19×Speed +0.11×Agility +0.03×Juke Move +0.03×Injury +0.01×COD +0.01×Hit Power,0.9997,37
C,Agile - C,OVR = -44.8 +0.34×PBF +0.30×RBF +0.25×Awareness +0.14×Strength +0.12×Lead Block +0.09×Play Action +0.09×Run Block +0.09×Impact Block +0.08×Pass Block +0.06×RBP +0.05×Speed +0.03×Accel +0.02×Agility +0.02×Finesse Moves,0.9993,46
C,Power - C,OVR = -52.6 +0.36×PBP +0.23×PBF +0.21×Awareness +0.20×Strength +0.20×Run Block +0.17×Impact Block +0.13×RBP +0.08×Stamina +0.06×Man Coverage +0.04×Toughness +0.03×Spin Move +0.03×COD +0.03×TH Power +0.03×Accel +0.02×Break Sack +0.02×Agility +0.02×Hit Power,0.9982,39
G,Agile - G,OVR = -46.6 +0.32×PBF +0.25×RBF +0.22×Strength +0.18×Awareness +0.16×Run Block +0.13×Lead Block +0.08×Pass Block +0.06×Agility +0.06×Impact Block +0.03×Speed +0.03×Accel,0.9985,49
G,Pass Protector - G,OVR = -46.1 +0.89×Pass Block +0.34×PBF +0.24×Stamina +0.15×TH Under Press +0.03×Trucking +0.01×Awareness,1.0,7
G,Power - G,OVR = -47.8 +0.34×PBP +0.28×RBP +0.23×Strength +0.18×Awareness +0.16×Run Block +0.13×Lead Block +0.11×Impact Block +0.04×Agility +0.02×Accel +0.02×Speed +0.02×Pass Block +0.02×PBF,0.9988,113
OT,Pass Protector - OT,OVR = -41.3 +0.36×Pass Block +0.34×PBF +0.30×PBP +0.15×Awareness +0.07×Impact Block +0.06×Agility +0.06×Stamina +0.05×RBP +0.05×RBF +0.04×Speed +0.01×Run Block,0.9976,30
OT,Power - OT,OVR = -42.9 +0.27×RBP +0.22×Strength +0.21×PBF +0.18×Run Block +0.16×Awareness +0.11×PBP +0.09×RBF +0.07×Speed +0.06×Impact Block +0.04×Pass Block +0.04×Lead Block +0.03×Agility +0.02×Accel +0.02×Block Shed +0.02×Break Tackle +0.01×Toughness,0.9947,145
Edge,Power Rusher - DE,OVR = -54.2 +0.27×Tackle +0.26×Strength +0.23×Power Moves +0.20×Awareness +0.17×Speed +0.16×Pursuit +0.09×Accel +0.09×Block Shed +0.08×Agility +0.06×Play Rec +0.06×Finesse Moves +0.02×Impact Block,0.9951,105
Edge,Smaller Speed Rusher - DE,OVR = -50.4 +0.30×Finesse Moves +0.26×Tackle +0.18×Awareness +0.15×Accel +0.13×Speed +0.13×Agility +0.12×Pursuit +0.10×Play Rec +0.09×Strength +0.05×Hit Power +0.04×Power Moves +0.01×Block Shed +0.01×Jumping,0.9955,110
DT,Power Rusher - DT,OVR = -63.0 +0.36×Strength +0.32×Block Shed +0.28×Tackle +0.19×Play Rec +0.16×Pursuit +0.11×Accel +0.10×Awareness +0.06×Agility +0.06×Hit Power +0.04×Speed +0.04×Power Moves +0.02×TH Acc Short,0.9974,166
DT,Speed Rusher - DT,OVR = -56.8 +0.33×Strength +0.31×Block Shed +0.25×Tackle +0.22×Play Rec +0.15×Pursuit +0.10×Accel +0.07×Hit Power +0.06×Awareness +0.05×Finesse Moves +0.05×Speed +0.03×Agility +0.02×Impact Block +0.02×COD +0.02×TH Under Press,0.9963,79
MLB,Field General - MLB,OVR = -74.9 +0.36×Tackle +0.26×Pursuit +0.21×Play Rec +0.18×Accel +0.18×Strength +0.15×Block Shed +0.15×Awareness +0.12×Zone Coverage +0.07×Speed +0.07×Agility +0.07×COD +0.06×Man Coverage +0.03×Impact Block +0.01×Jumping,0.9994,83
MLB,Pass Coverage - MLB,OVR = -75.1 +0.93×Pursuit +0.46×Zone Coverage +0.16×COD +0.10×Play Rec +0.09×Toughness +0.08×Hit Power +0.03×Agility +0.02×Accel,0.9986,13
OLB,Pass Coverage - OLB,OVR = -70.8 +0.36×Awareness +0.35×Zone Coverage +0.23×Tackle +0.20×Pursuit +0.17×Accel +0.15×Speed +0.13×Agility +0.08×Man Coverage +0.06×Block Shed +0.05×COD +0.05×Stamina +0.02×Play Rec +0.01×Strength,0.9997,32
OLB,Run Stopper - OLB,OVR = -70.5 +0.31×Tackle +0.29×Pursuit +0.29×Block Shed +0.16×Strength +0.16×Accel +0.15×Play Rec +0.14×Speed +0.11×Zone Coverage +0.10×Awareness +0.05×Hit Power +0.04×COD +0.03×Agility +0.02×Man Coverage +0.01×PBF,0.9986,86
CB,Manto Man - CB,OVR = -73.4 +0.37×Man Coverage +0.36×Speed +0.30×Accel +0.19×Awareness +0.12×Press +0.11×COD +0.11×Play Rec +0.06×Tackle +0.06×Agility +0.04×Zone Coverage +0.03×Jumping +0.02×Catching +0.02×RBF +0.02×Stamina +0.01×Pursuit,0.9985,128
CB,Zone - CB,OVR = -71.1 +0.34×Accel +0.34×Zone Coverage +0.31×Speed +0.20×Awareness +0.12×Play Rec +0.11×Man Coverage +0.10×Tackle +0.08×COD +0.07×Press +0.06×Agility +0.03×Catching +0.03×Jumping +0.02×Injury,0.9984,120
S,Hybrid - S,OVR = -67.1 +0.29×Awareness +0.24×Man Coverage +0.22×Accel +0.22×Speed +0.20×Tackle +0.13×Agility +0.12×Zone Coverage +0.09×Play Rec +0.08×Pursuit +0.06×Jumping +0.05×COD +0.05×Press +0.03×Strength,0.9985,70
S,Run Support - S,OVR = -67.1 +0.29×Tackle +0.27×Play Rec +0.16×Awareness +0.16×Accel +0.15×Speed +0.15×Pursuit +0.14×Zone Coverage +0.10×Man Coverage +0.10×Hit Power +0.08×Agility +0.06×COD +0.06×Jumping +0.04×Block Shed +0.02×PBP +0.02×Press +0.01×Power Moves,0.9997,52
S,Zone - S,OVR = -64.2 +0.37×Zone Coverage +0.36×Awareness +0.27×Speed +0.16×Tackle +0.15×Accel +0.12×Pursuit +0.09×Agility +0.05×COD +0.05×Jumping +0.04×Play Rec +0.04×Strength +0.04×Man Coverage,0.999,85
K/P,Accurate - KP,OVR = 18.7 +0.44×Kick Accuracy +0.29×Awareness +0.04×Kick Power,0.9429,9
K/P,Power - KP,OVR = -13.8 +0.44×Awareness +0.38×Kick Power +0.37×Power Moves +0.21×Kick Accuracy +0.12×Med Route +0.03×Lead Block +0.03×Agility +0.02×Play Rec +0.02×Strength +0.02×TH Power +0.02×Break Sack +0.01×Catching +0.01×TH Under Press,0.9935,61
LS,Accurate - LS,OVR = -86.2 +0.78×Injury +0.50×Awareness +0.21×Stamina +0.16×Pass Block +0.15×Tackle +0.14×Run Block +0.12×Accel +0.10×Speed +0.09×Spin Move +0.08×COD +0.06×Man Coverage +0.02×Lead Block,0.9683,24
LS,Power - LS,OVR = -3.0 +0.78×Pass Block +0.32×Strength +0.30×TH Power +0.15×Lead Block +0.13×Impact Block,1.0,9
